vardekod,vardebenamning
01,Stockholms län
0114,Upplands-Väsby
011401,Ed
011402,Hammarby
011403,Fresta
0115,Vallentuna
011501,Vallentuna
011502,Markim
011503,Orkesta
011504,Frösunda
011505,Kårsta
011506,Vada
011507,Össeby-Garn
011508,Angarn
0117,Österåker
011701,Östra Ryd
011702,Österåker
011703,Ljusterö
011704,Roslags-Kulla
0120,Värmdö
012001,Värmdö
012002,Möja
012003,Djurö
012004,Nämdö
012005,Ingarö
012006,Gustavsberg
0123,Järfälla
012301,Järfälla
0125,Ekerö
012501,Munsö
012502,Adelsö
012503,Ekerö
012504,Lovö
012505,Hilleshög
012506,Skå
012507,Sånga
012508,Färentuna
0126,Huddinge
012601,Huddinge
012602,Trångsund
0127,Botkyrka
012701,Botkyrka
012702,Grödinge
012703,Tumba
0128,Salem
012801,Salem
0136,Haninge
013601,Österhaninge
013603,Utö
013604,Ornö
013605,Dalarö
013606,Västerhaninge
013607,Muskö
0138,Tyresö
013801,Tyresö
0139,Upplands-Bro
013901,Bro
013902,Låssa
013903,Kungsängen
013904,Västra Ryd
013905,Håbo-Tibble
013906,Håtuna
0160,Täby
016001,Täby
0162,Danderyd
016201,Danderyd
0163,Sollentuna
016301,Sollentuna
0180,Stockholm
018001,Storkyrkoförsamlingen
018002,Klara
018003,Jakob
018004,Johannes
018005,Adolf Fredrik
018006,Gustav Vasa
018007,Matteus
018009,Engelbrekt
018010,Hedvig Eleonora
018011,Oscar
018013,Maria Magdalena
018014,Högalid
018015,Katarina
018017,Sofia
018018,Kungsholm
018019,S:t Göran
018021,Brännkyrka
018023,Vantör
018025,Farsta
018027,Bromma
018028,Essinge
018029,Västerled
018031,Vällingby
018034,Enskede
018036,Skarpnäck
018038,Hässelby
018039,Hägersten
018040,Skärholmen
018041,Spånga
018042,Kista
018090,Hovförsamlingen
018092,Tyska S:ta Gertrud
018093,Finska
0181,Södertälje
018101,Södertälje
018102,Östertälje
018103,Tveta
018104,Enhörna
018105,Turinge
018106,Vårdinge
018107,Överjärna
018108,Ytterjärna
018109,Taxinge
018110,Hölö
018111,Mörkö
018112,Västertälje
0182,Nacka
018201,Nacka
018202,Saltsjöbaden
018203,Boo
0183,Sundbyberg
018301,Sundbyberg
0184,Solna
018401,Solna
018402,Råsunda
0186,Lidingö
018601,Lidingö
0187,Vaxholm
018701,Vaxholm
0188,Norrtälje
018801,Norrtälje
018802,Björkö-Arholma
018803,Väddö
018804,Singö
018805,Häverö
018806,Edebo
018807,Ununge
018808,Edsbro
018809,Fasterna
018810,Rimbo
018811,Rö
018812,Skederid
018813,Husby-Sjuhundra
018814,Gottröra
018815,Närtuna
018816,Malsta
018817,Lohärad
018818,Estuna
018819,Söderby-Karl
018820,Roslags-Bro
018821,Vätö
018822,Rådmansö
018823,Frötuna
018824,Blidö
018825,Länna
018826,Riala
0191,Sigtuna
019101,Sigtuna
019102,S:t Olof
019103,S:t Per
019104,Haga
019105,Odensala
019106,Husby-Ärlinghundra
019107,Skånela
019108,Norrsunda
019109,Skepptuna
019110,Lunda
019111,Vidbo
0192,Nynäshamn
019201,Nynäshamn
019202,Sorunda
019203,Torö
019204,Ösmo
03,Uppsala län
0305,Håbo
030501,Kalmar
030502,Yttergran
030503,Övergran
030504,Häggeby
030505,Skokloster
0319,Älvkarleby
031901,Älvkarleby
031902,Skutskär
0360,Tierp
036001,Tolfta
036003,Vendel
036004,Tegelsmora
036005,Tierp
036006,Söderfors
036007,Västland
036008,Österlövsta
036009,Hållnäs
0380,Uppsala
038001,Uppsala domkyrkoförs.
038002,Helga Trefaldighet
038003,Gamla Uppsala
038004,Vaksala
038005,Danmark
038006,Funbo
038007,Hagby
038008,Ramsta
038009,Balingsta
038010,Västeråker
038011,Dalby
038012,Uppsala-Näs
038013,Läby
038014,Vänge
038015,Åland
038016,Skogs-Tibble
038017,Järlåsa
038018,Jumkil
038019,Börje
038020,Åkerby
038021,Bälinge
038022,Skuttunge
038023,Tensta
038024,Lena
038025,Ärentuna
038026,Björklinge
038027,Viksta
038028,Knutby
038029,Bladåker
038030,Faringe
038031,Almunge
038032,Lagga
038033,Alsike
038034,Vassunda
038035,Knivsta
038036,Östuna
038037,Husby-Långhundra
038038,Gottsunda
038039,Stavby
038040,Tuna
038041,Rasbo
038042,Rasbokil
0381,Enköping
038101,Enköping
038102,Enköpings-Näs
038103,Teda
038104,Svinnegarn
038105,Tillinge
038106,Bred
038107,Sparrsätra
038109,Boglösa
038110,Lillkyrka
038111,Vallby
038112,Kungs-Husby
038113,Torsvi
038114,Veckholm
038115,Hacksta
038116,Löt
038117,Villberga
038118,Husby-Sjutolft
038119,Litslena
038120,Härkeberga
038121,Holm
038122,Fittja
038123,Kulla
038124,Hjälsta
038125,Giresta
038126,Fröslunda
038127,Biskopskulla
038128,Långtora
038129,Nysätra
038130,Gryta
038131,Simtuna
038132,Frösthult
038133,Härnevi
038134,Torstuna
038135,Österunda
038136,Altuna
0382,Östhammar
038201,Östhammar
038202,Forsmark
038203,Valö
038204,Börstil
038205,Hökhuvud
038206,Harg
038207,Öregrund
038208,Gräsö
038209,Alunda
038210,Ekeby
038211,Skäfthammar
038212,Morkarla
038213,Film
038214,Dannemora
04,Södermanlands län
0428,Vingåker
042801,Västra Vingåker
042802,Österåker
0480,Nyköping
048001,Nyköpings S:t Nicolai
048002,Nyköpings östra
048003,Helgona
048004,Svärta
048005,Tunaberg
048006,Bergshammar
048007,Tuna
048008,Lunda
048009,Kila
048010,Stigtomta
048011,Halla
048012,Nykyrka
048013,Bärbo
048014,Råby-Rönö
048015,Lid
048016,Ripsa
048017,Ludgo
048018,Spelvik
048019,Runtuna
048020,Tystberga
048023,Lästringe
048024,Bälinge
048026,Husby-Oppunda
048027,Vrena
048028,Trosa stadsförs.
048029,Frustuna-Kattnäs
048030,Västerljung
048031,Trosa-Vagnhärad
048032,Gåsinge-Dillnäs
048033,Björnlunda
048034,Gryt
0481,Oxelösund
048101,Oxelösund
0482,Flen
048201,Flen
048202,Hyltinge
048203,Helgesta
048204,Årdala
048205,Lilla Malma
048206,Dunker
048207,Mellösa
048208,Bettna
048209,Blacksta
048210,Forssa
048211,Vadsbro
0483,Katrineholm
048301,Katrineholm
048302,Björkvik
048303,Lerbo
048304,Sköldinge
048305,Floda
048306,Stora Malm
048307,Östra Vingåker
048308,Julita
0484,Eskilstuna
048401,Eskilstuna Fors
048402,Eskilstuna Kloster
048403,Torshälla
048404,Barva
048405,Jäder
048406,Kjula
048407,Hammarby
048408,Sundby
048409,Vallby
048410,Hällby
048411,Tumbo
048412,Råby-Rekarne
048413,Gillberga
048414,Lista
048415,Öja
048416,Västermo
048417,Näshulta
048418,Husby-Rekarne
048419,Stenkvista
048420,Ärla
0486,Strängnäs
048601,Strängnäs domkyrkoförs.
048603,Aspö
048604,Mariefred
048605,Länna
048606,Åker
048607,Toresund
048608,Ytterselö
048609,Överselö
048610,Vansö
048611,Fogdö
048612,Helgarö
048613,Härad
05,Östergötlands län
0509,Ödeshög
050901,Stora Åby
050902,Ödeshög
050903,Svanshals
050904,Västra Tollstad
050905,Heda
050906,Rök
050907,Trehörna
0512,Ydre
051201,Torpa
051202,Asby
051203,Sund
051204,Västra Ryd
051205,Svinhult
051206,Norra Vi
0513,Kinda
051301,Tidersrum
051302,Kisa
051303,Västra Eneby
051304,Horn
051305,Hycklinge
051306,Oppeby
051307,Hägerstad
051308,Kättilstad
051309,Tjärstad
0560,Boxholm
056001,Ekeby norra kbfd
056002,Ekeby södra kbfd
056003,Rinna
056004,Åsbo
056005,Blåvik
056006,Malexander
0561,Åtvidaberg
056101,Åtvid
056102,Grebo
056103,Värna
056104,Björsäter
056105,Yxnerum
056106,Hannäs
056107,Gärdserum
0562,Finspång
056201,Risinge
056202,Hällestad
056203,Regna
056204,Skedevi
0563,Valdemarsvik
056301,Valdemarsvik
056302,Ringarum
056304,Gryt
056305,Tryserum
056306,Östra Ed
0580,Linköping
058001,Linköpings domkyrkoförs.
058002,Linköpings S:t Lars
058003,Landeryd
058004,Slaka
058005,Kärna
058006,Kaga
058007,Ledberg
058008,Vist
058009,Vårdnäs
058010,Skeda
058011,Nykil
058012,Ulrika
058013,Gammalkil
058014,Sjögestad
058015,Västerlösa
058016,Björkeberg
058017,Rappestad
058018,Vikingstad
058019,Vreta kloster
058020,Flistad
058021,Ljung
058022,Stjärnorp
058023,Östra Harg
058024,Rystad
058025,Törnevalla
058026,Östra Skrukeby
058027,Lillkyrka
058028,Gistad
058029,Örtomta
058030,Askeby
058031,Bankekind
058032,Vårdsberg
058033,Linköpings Berga
058034,Linköpings Johannelund
0581,Norrköping
058101,Norrköpings S:t Olai
058102,Norrköpings Hedvig
058103,Norrköpings Matteus
058104,Norrköpings Östra Eneby
058105,Norrköpings Borg
058106,Norrköpings S:t Johannes
058107,Styrstad
058108,Tingstad
058109,Kullerstad
058110,Vånga
058111,Skärkind
058112,Kimstad
058113,Simonstorp
058114,Kvillinge
058115,Krokek
058116,Kvarsebo
058117,Östra Stenby
058118,Konungsund
058119,Dagsberg
058120,Furingstad
058121,Tåby
058122,Kuddby
058123,Å
058124,Östra Ny
058125,Östra Husby
058126,Häradshammar
058127,Jonsberg
058128,Rönö
0582,Söderköping
058201,S:t Laurentii
058202,Drothem
058203,Skönberga
058204,Västra Husby
058205,Gårdeby
058206,Östra Ryd
058207,Skällvik
058208,S:t Anna
058209,Börrum
058210,Mogata
0583,Motala
058301,Motala
058303,Västra Ny
058304,Godegård
058305,Kristberg
058306,Brunneby
058307,Klockrike
058308,Älvestad
058309,Fornåsa
058310,Lönsås
058311,Ekebyborna
058312,Ask
058322,Tjällmo
058323,Varv och Styra
058324,Västra Stenby
058326,Fivelstad
0584,Vadstena
058401,Vadstena
058403,Strå
058404,Nässja
058405,Örberga
058406,Herrestad
058407,Källstad
058408,Rogslösa
058409,Väversunda
058410,Hov
058411,Hagebyhöga
058412,Orlunda
0586,Mjölby
058601,Mjölby
058602,Högby
058603,Skänninge
058604,Bjälbo
058605,Allhelgona
058606,Järstad
058607,Normlösa
058608,Vallerstad
058609,Skeppsås
058610,Appuna
058611,Hogstad
058612,Väderstad
058613,Kumla
058614,Västra Harg
058615,Sya
058616,Östra Tollstad
058617,Viby
058618,Veta
058619,Herrberga
06,Jönköpings län
0604,Aneby
060401,Bälaryd
060402,Bredestad
060403,Askeryd
060404,Marbäck
060405,Frinnaryd
060406,Lommaryd
060407,Haurida
060408,Vireda
0617,Gnosjö
061701,Källeryd
061702,Åsenhöga
061703,Kävsjö
061704,"Kulltorp, del"
061705,Gnosjö
0662,Gislaved
066201,Gislaved
066202,Våthult
066203,Bosebo
066204,Anderstorp
066205,Stengårdshult
066206,Valdshult
066207,Öreryd
066208,Norra Hestra
066209,Villstad
066210,Burseryd
066211,Sandvik
066212,Gryteryd
066213,Södra Hestra
066214,Ås
066215,Kållerstad
066216,Reftele
0665,Vaggeryd
066501,Byarum
066502,Bondstorp
066503,Tofteryd
066504,Hagshult
066505,Åker
066506,Svenarum
0680,Jönköping
068001,Jönköpings Sofia
068002,Jönköpings Kristina
068003,Ljungarum
068004,Järstorp
068005,Huskvarna
068006,Hakarp
068007,Gränna
068008,Norrahammar
068009,Visingsö
068010,Skärstad
068011,Ölmstad
068012,Svarttorp
068013,Järsnäs
068014,Lekeryd
068015,Rogberga
068016,Barnarp
068017,Ödestugu
068018,Öggestorp
068019,Månsarp
068020,Bankeryd
068021,Bottnaryd
068022,Mulseryd
068023,Angerdshestra
068024,Norra Unnaryd
0682,Nässjö
068201,Nässjö
068202,Bodafors kbfd
068203,Norra Sandsjö kbfd
068204,Bringetofta
068205,Norra Solberga
068206,Flisby
068207,Forserum
068208,Barkeryd
068209,Malmbäck
068210,Almesåkra
0683,Värnamo
068301,Värnamo
068302,Bredaryd
068303,"Kulltorp, del"
068304,Kärda
068305,Hånger
068306,Forsheda
068307,Torskinge
068308,Dannäs
068309,Tånnö
068310,Voxtorp
068311,Gällaryd
068312,Rydaholm
068313,Fryele
068314,Nydala
0684,Sävsjö
068401,Sävsjö
068402,Hjärtlanda
068403,Vrigstad
068404,Hylletofta
068405,Skepperstad
068406,Hjälmseryd
068407,Stockaryd
068408,Hultsjö
0685,Vetlanda
068501,Vetlanda
068503,Bäckseda
068504,Näsby
068505,Fröderyd
068506,Bäckaby
068507,Ramkvilla
068508,Södra Solberga
068509,Korsberga
068510,Lemnhult
068511,Näshult
068512,Stenberga
068513,Skirö
068514,Nye
068515,Alseda
068516,Ökna
068517,Karlstorp
068518,Skede
068519,Björkö
068520,Nävelsjö
068521,Lannaskede
068522,Myresjö
0686,Eksjö
068601,Eksjö
068602,Hässleby
068603,Kråkshult
068604,Bellö
068605,Ingatorp
068606,Hult
068607,Edshult
068608,Mellby
068609,Höreda
0687,Tranås
068701,Säby
068702,Adelöv
068703,Linderås
07,Kronobergs län
0760,Uppvidinge
076001,Åseda
076002,Herråkra
076003,Lenhovda
076004,Nottebäck
076005,Älghult
0761,Lessebo
076101,Lessebo
076102,Hovmantorp
076103,Ekeberga
076104,Ljuder
0763,Tingsryd
076301,Tingsås
076302,Almundsryd
076303,Älmeboda
076304,Linneryd
076305,Södra Sandsjö
076306,Väckelsång
076307,Urshult
0764,Alvesta
076401,Alvesta
076402,Lekaryd
076403,Härlöv
076404,Hjortsberga med Kvenneberga
076405,Moheda
076406,Slätthög
076407,Mistelås
076408,Blädinge
076409,Vislanda
076410,Skatelöv
076411,Västra Torsås
0765,Älmhult
076501,Älmhult
076502,Härlunda
076503,Virestad
076504,Stenbrohult
076505,Göteryd
076506,Pjätteryd
076507,Hallaryd
0767,Markaryd
076701,Markaryd
076702,Hinneryd
076703,Traryd
0780,Växjö
078001,Växjö domkyrkoförs.
078002,Furuby
078003,Sjösås
078004,Hornaryd
078005,Drev
078006,Dädesjö
078007,Hemmesjö med Tegnaby
078008,Östra Torsås
078009,Nöbbele
078010,Uråsa
078011,Jät
078012,Kalvsvik
078013,Tävelsås
078014,Dänningelanda
078015,Vederslöv
078016,Öja
078017,Bergunda
078018,Öjaby
078019,Tjureda
078020,Gårdsby
078021,Söraby
078022,Tolg
078023,Asa
078024,Aneboda
078025,Berg
078026,Ormesberga
078027,Ör
078028,Skogslyckan
0781,Ljungby
078101,Ljungby
078102,Agunnaryd
078103,Ryssby
078104,Tutaryd
078105,Södra Ljunga
078106,Hamneda
078107,Kånna
078108,Berga
078109,Dörarp
078110,Vittaryd
078111,Angelstad
078112,Annerstad
078113,Nöttja
078114,Torpa
078115,Vrå
078116,Lidhult
078117,Odensjö
078118,Bolmsö
078119,Tannåker
08,Kalmar län
0821,Högsby
082101,Fågelfors
082102,Högsby
082103,Långemåla
082104,Fagerhult
0834,Torsås
083401,Gullabo
083402,Torsås
083403,Söderåkra norra kbfd
083404,Söderåkra södra kbfd
0840,Mörbylånga
084001,Vickleby
084002,Resmo
084003,Mörbylånga
084004,Stenåsa
084005,Hulterstad
084006,Kastlösa
084007,Smedby
084008,Södra Möckleby
084009,Segerstad
084010,Gräsgård
084011,Ventlinge
084012,Ås
084013,Glömminge
084014,Algutsrum
084015,Torslunda
084016,Norra Möckleby
084017,Gårdby
084018,Sandby
0860,Hultsfred
086001,Hultsfred
086002,Lönneberga
086003,Målilla med Gårdveda
086004,Järeda
086005,Virserum
086006,Vena
086007,Tveta
086008,Mörlunda
0861,Mönsterås
086101,Mönsterås
086102,Fliseryd
086103,Ålem
0862,Emmaboda
086201,Emmaboda
086202,Vissefjärda
086203,Algutsboda
086204,Långasjö
0880,Kalmar
088001,Kalmar
088002,Kläckeberga
088003,Dörby
088004,Hossmo
088005,Ryssby
088006,Åby
088007,Förlösa
088008,Ljungby
088009,Hagby
088010,Voxtorp
088011,Halltorp
088012,Arby
088013,Mortorp
088014,Karlslunda
0881,Nybro
088101,Nybro
088102,Kråksmåla
088103,Bäckebo
088104,Kristvalla
088105,Madesjö
088106,Örsjö
088107,S:t Sigfrid
088108,Oskar
088109,Hälleberga
0882,Oskarshamn
088201,Oskarshamn
088202,Misterhults norra kbfd
088203,Misterhults södra kbfd
088204,Kristdala
088205,Döderhults kbfd
088206,Påskallaviks kbfd
0883,Västervik
088301,Västervik
088302,Törnsfall
088303,Gladhammar
088304,Västrum
088305,Ukna
088306,Dalhem
088307,Överum
088308,Västra Ed
088309,Loftahammar
088310,Lofta
088311,Gamleby
088312,Odensvi
088314,Hallingeberg
088315,Hjorted
088316,Blackstad
0884,Vimmerby
088401,Vimmerby
088403,Rumskulla
088404,Pelarne
088405,Frödinge
088406,Locknevi
088407,Djursdala
088408,Södra Vi
088409,Tuna
0885,Borgholm
088501,Borgholm
088502,Föra
088503,Alböke
088504,Löt
088505,Egby
088506,Bredsättra
088507,Köping
088508,Räpplinge
088509,Högsrum
088510,Gärdslösa
088511,Långlöt
088512,Runsten
088513,Böda
088514,Högby
088515,Källa
088516,Persnäs
09,Gotlands län
0980,Gotland
098001,Visby
098002,Othem
098003,Boge
098004,Fårö
098005,Bunge
098006,Rute
098007,Fleringe
098008,Hall
098009,Hangvar
098010,Lärbro
098011,Hellvi
098012,Bäl
098013,Hejnum
098014,Tingstäde
098015,Stenkyrka
098016,Lummelunda
098017,Martebo
098018,Väskinde
098019,Bro
098020,Lokrume
098021,Fole
098022,Ekeby
098023,Källunge
098024,Vallstena
098025,Gothem
098026,Hörsne med Bara
098027,Norrlanda
098028,Ganthem
098029,Dalhem
098030,Barlingbo
098031,Endre
098032,Hejdeby
098033,Follingbo
098034,Akebäck
098035,Roma
098036,Björke
098037,Viklau
098038,Halla
098039,Sjonhem
098040,Vänge
098041,Guldrupe
098042,Buttle
098043,Ala
098044,Kräklingbo
098045,Anga
098046,Gammelgarn
098047,Östergarn
098048,Västerhejde
098049,Träkumla
098050,Vall
098051,Atlingbo
098052,Hogrän
098053,Stenkumla
098054,Tofta
098055,Eskelhem
098056,Västergarn
098057,Sanda
098058,Mästerby
098059,Väte
098060,Hejde
098061,Klinte
098062,Fröjel
098063,Eksta
098064,Sproge
098065,Ardre
098066,Alskog
098067,Garde
098068,Etelhem
098069,Lye
098070,Lau
098071,När
098072,Burs
098073,Stånga
098074,Lojsta
098075,Linde
098076,Hemse
098077,Rone
098078,Alva
098079,Fardhem
098080,Gerum
098081,Levide
098082,Silte
098083,Hablingbo
098084,Havdhem
098085,Eke
098086,Grötlingbo
098087,Näs
098088,Fide
098089,Öja
098090,Hamra
098091,Vamlingbo
098092,Sundre
10,Blekinge län
1060,Olofström
106001,Olofströms kbfd
106002,Jämshögs kbfd
106003,Kyrkhult
1080,Karlskrona
108001,Karlskrona stadsförs.
108002,Karlskrona amiralitetsförs.
108004,Aspö
108005,Lösen
108006,Augerum
108007,Flymen
108008,Kristianopel
108009,Jämjö
108010,Torhamn
108011,Sturkö
108012,Ramdala
108014,Rödeby
108015,Fridlevstad
108016,Sillhövda
108017,Tving
108018,Nättraby
108019,Hasslö
1081,Ronneby
108101,Ronneby kbfd
108102,Kallinge kbfd
108103,Backaryd
108104,Öljehult
108105,Eringsboda
108106,Förkärla
108107,Listerby
108108,Edestad
108109,Hjortsberga
108110,Bräkne-Hoby
1082,Karlshamn
108201,Karlshamn
108202,Ringamåla
108203,Hällaryd
108204,Åryd
108205,Asarum
108206,Mörrum
108207,Elleholm
1083,Sölvesborg
108301,Sölvesborg
108302,Gammalstorp
108303,Ysane
108304,Mjällby
11,Kristianstads län
1121,Östra Göinge
112101,Knislinge
112102,Gryt
112103,Kviinge
112104,Hjärsås
112105,Emmislöv
112106,Östra Broby
112107,Glimåkra
1137,Örkelljunga
113701,Örkelljunga
113702,Rya
113703,Skånes-Fagerhult
1160,Tomelilla
116001,Ullstorp
116002,Benestad
116003,Ramsåsa
116004,Tryde
116005,Tomelilla
116006,Spjutstorp
116007,Tranås
116008,Onslunda
116009,Smedstorp
116010,Kverrestad
116011,Eljaröd
116012,Fågeltofta
116013,Andrarum
116014,Brösarp
116015,Östra Ingelstad
116016,Bollerup
116017,Tosterup
116018,Övraby
1162,Bromölla
116201,Ivetofta
116202,Gualöv
116203,Näsum
1163,Osby
116301,Osby
116302,Örkened
116303,Loshult
116304,Visseltofta
1165,Perstorp
116501,Perstorp
1166,Klippan
116601,Klippan
116602,Vedby
116603,Västra Sönnarslöv
116604,Färingtofta
116605,Riseberga
116607,Östra Ljungby
1167,Åstorp
116701,Björnekulla
116702,Västra Broby
116703,Kvidinge
1168,Båstad
116801,Båstad
116802,Förslöv
116803,Grevie
116804,Västra Karup
116805,Hov
116806,Torekov
116807,Östra Karup
1180,Kristianstad
118001,Kristianstads Heliga Trefaldighet
118002,Norra Åsum
118003,Äsphult
118004,Djurröd
118005,Träne
118006,Skepparslöv
118007,Vä
118008,Köpinge
118009,Nosaby
118010,Fjälkestad
118011,Österslöv
118012,Norra Strö
118013,Önnestad
118014,Färlöv
118015,Åhus
118016,Östra Sönnarslöv
118017,Everöd
118018,Lyngsjö
118019,Rinkaby
118020,Nymö
118021,Trolle-Ljungby
118022,Ivö
118023,Kiaby
118024,Fjälkinge
118025,Gustav Adolf
118026,Maglehem
118027,Hörröd
118028,Huaröd
118029,Degeberga
118030,Vittskövle
118031,Östra Vram
118032,Västra Vram
118033,Linderöd
118034,Vånga
118035,Oppmanna
1181,Simrishamn
118101,Simrishamn
118102,Simris
118103,Östra Nöbbelöv
118104,Järrestad
118105,Gladsax
118106,Östra Hoby
118107,Borrby
118108,Bolshög
118109,Östra Tommarp
118110,Östra Vemmerlöv
118111,Stiby
118112,Ravlunda
118113,Östra Herrestad
118114,Hannas
118115,Hammenhög
118116,Vallby
118117,S:t Olof
118118,Rörum
118119,Södra Mellby
118120,Vitaby
1182,Ängelholm
118201,Ängelholm
118202,Rebbelberga
118203,Höja
118204,Tåssjö
118205,Munka-Ljungby
118206,Strövelstorp
118207,Ausås
118208,Starby
118209,Barkåkra
118210,Tåstarp
118211,Hjärnarp
118212,Össjö
1183,Hässleholm
118301,Hässleholm
118302,Ignaberga
118303,Stoby
118304,Norra Sandby
118305,Vinslöv
118306,Gumlösa
118307,Sörby
118308,Nävlinge
118309,Hästveda
118310,Farstorp
118311,Verum
118312,Vittsjö
118313,Norra Åkarp
118314,Vankiva
118315,Norra Mellby
118316,Häglinge
118317,Brönnestad
118318,Matteröd
118319,Finja
118320,Hörja
118321,Röke
118322,Västra Torup
12,Malmöhus län
1214,Svalöv
121401,Tirup
121402,Svalöv
121403,Felestad
121404,Stenestad
121405,Kågeröd
121406,Halmstad
121407,Sireköpinge
121408,Billeberga
121409,Källs-Nöbbelöv
121410,Norra Skrävlinge
121411,Norrvidinge
121412,Konga
121413,Röstånga
121414,Ask
121415,Torrlösa
1230,Staffanstorp
123001,Esarp
123002,Kyrkheddinge
123003,Bjällerup
123004,Knästorp
123006,Uppåkra
123007,Staffanstorp
123009,Mölleberga
123010,Särslöv
123011,Görslöv
123012,Tottarp
1231,Burlöv
123101,Burlöv
1233,Vellinge
123301,Gässie
123302,Eskilstorp
123303,Hököpinge
123304,Vellinge
123305,Skanör
123306,Falsterbo
123307,Håslöv
123308,Stora Hammar
123309,Räng
123310,Södra Åkarp
123311,Mellan-Grevie
123312,Östra Grevie
123313,Västra Ingelstad
123314,Arrie
1260,Bjuv
126001,Bjuv
126002,Risekatslösa
126003,Norra Vram
126004,Ekeby
1261,Kävlinge
126101,Kävlinge
126102,Dagstorp
126103,Västra Karaby
126104,Lackalänga
126105,Stävie
126106,Södervidinge
126107,Virke
126108,Lilla Harrie
126109,Stora Harrie
126110,Hofterup
126111,Barsebäck
126112,Löddeköpinge
126113,Hög
1262,Lomma
126201,Lomma
126202,Borgeby
126203,Flädie
126204,Fjelie
1263,Svedala
126301,Svedala
126302,Börringe
126303,Västra Kärrstorp
126304,Törringe
126305,Bjärshög
126306,Skabersjö
126307,Bara
126308,Hyby
1264,Skurup
126401,Skurup
126402,Hassle-Bösarp
126403,Svenstorp
126404,Västra Vemmenhög
126405,Östra Vemmenhög
126406,Skivarp
126407,Västra Nöbbelöv
126408,Katslösa
126409,Solberga
126410,Örsjö
126411,Slimminge
126412,Villie
1265,Sjöbo
126501,Ilstorp
126502,Björka
126503,Södra Åsum
126504,Sövde
126505,Blentarp
126506,Everlöv
126507,Tolånga
126508,Röddinge
126509,Vanstad
126510,Lövestad
126511,Fränninge
126512,Vollsjö
126513,Brandstad
126514,Öved
126515,Östra Kärrstorp
1266,Hörby
126602,Hörby
126603,Östra Sallerup
126604,Långaröd
126605,Svensköp
126606,Äspinge
126607,Södra Rörum
126608,Fulltofta
126609,Lyby
126610,Östraby
126611,Västerstad
1267,Höör
126702,Höör
126703,Gudmuntorp
126704,Bosjökloster
126705,Munkarp
126706,Hallaröd
126707,Norra Rörum
126708,Tjörnarp
1280,Malmö
128001,Malmö S:t Petri
128002,Slottsstaden
128003,Kirseberg
128004,Malmö S:t Pauli
128005,Malmö S:t Johannes
128006,Möllevången
128007,Limhamn
128008,Fosie
128009,Västra Skrävlinge
128010,Husie
128011,Södra Sallerup
128014,Oxie
128015,Sofielund
128016,Hyllie
128017,Eriksfält
128018,Kulladal
128019,Bunkeflo
128020,Västra Klagstorp
128021,Tygelsjö
1281,Lund
128101,Lunds domkyrkoförs.
128102,S:t Peters Kloster
128103,Stora Råby
128104,Lunds Allhelgonaförs.
128105,Norra Nöbbelöv
128106,Vallkärra
128107,Stångby
128108,Västra Hoby
128109,Håstad
128110,Igelösa
128111,Odarslöv
128112,Hardeberga
128113,Södra Sandby
128114,Revinge
128115,Hällestad
128116,Dalby
128117,Bonderup
128118,Gödelöv
128119,Lyngby
128120,Genarp
128121,Veberöd
128122,Vomb
128123,Silvåkra
1282,Landskrona
128201,Landskrona
128202,S:t Ibb
128203,Annelöv
128204,Saxtorp
128205,Tofta
128206,Asmundtorp
128207,Glumslöv
128208,Härslöv
128209,Säby
128210,Vadensjö
128211,Örja
1283,Helsingborg
128301,Helsingborgs Maria
128302,Helsingborgs Gustav Adolf
128303,Raus
128304,Välinge
128305,Kattarp
128306,Allerum
128307,Fleninge
128308,Kropp
128309,Välluv
128310,Frillestad
128311,Hässlunda
128312,Mörarp
128313,Bårslöv
128314,Ottarp
128315,Fjärestad
128316,Kvistofta
128317,Filborna
1284,Höganäs
128401,Höganäs
128402,Väsby
128403,Viken
128404,Brunnby
128405,Jonstorp
128406,Farhult
1285,Eslöv
128501,Eslöv
128502,Stehag
128503,Bosarp
128504,Trollenäs
128505,Västra Strö
128507,Örtofta
128508,Billinge
128509,Hurva
128511,Reslöv
128512,Östra Karaby
128513,Högseröd
128514,Harlösa
128515,Hammarlunda
128516,Holmby
128517,Gårdstånga
128518,Skeglinge
128519,Borlunda
128520,Skarhult
128521,Östra Strö
1286,Ystad
128601,Ystad
128602,Skårby
128603,Sjörup
128604,Snårestad
128605,Balkåkra
128606,Bjäresjö
128607,Hedeskoga
128608,Bromma
128609,Öja
128610,Stora Herrestad
128611,Stora Köpinge
128612,Högestad
128613,Borrie
128614,Sövestad
128615,Baldringe
128616,Hörup
128617,Löderup
128618,Valleberga
128619,Ingelstorp
128620,Glemminge
1287,Trelleborg
128701,Trelleborg
128702,Maglarp
128703,Västra Tommarp
128704,Västra Vemmerlöv
128705,Hammarlöv
128706,Skegrie
128707,Bodarp
128708,Fuglie
128710,Alstad
128713,Gylle
128714,Kyrkoköpinge
128715,Dalköpinge
128716,Gislöv
128717,Simlinge
128718,Bösarp
128719,Södra Åby
128720,Lilla Isie
128721,Östra Torp
128722,Hemmesdynge
128723,Östra Klagstorp
128724,Äspö
128725,Lilla Beddinge
128726,Tullstorp
128727,Källstorp
128728,Önnarp
128729,Gärdslöv
128730,Grönby
128731,Anderslöv
13,Hallands län
1315,Hylte
131501,Torup
131502,Kinnared
131503,Drängsered
131504,Långaryd
131505,Färgaryd
131506,Femsjö
131507,Södra Unnaryd
131508,Jälluntofta
1380,Halmstad
138001,S:t Nikolai
138002,Martin Luther
138003,Snöstorp
138004,Breared
138005,Oskarström
138006,Tönnersjö
138007,Eldsberga
138008,Trönninge
138009,Söndrum
138010,Vapnö
138011,Harplinge
138012,Steninge
138013,Rävinge
138014,Getinge
138015,Kvibille
138016,Holm
138017,Slättåkra
138018,Övraby
138019,Enslöv
1381,Laholm
138101,Laholm
138103,Våxtorp
138104,Hasslöv
138105,Skummeslöv
138106,Hishult
138107,Ränneslöv
138108,Ysby
138109,Knäred
138110,Tjärby
138111,Veinge
1382,Falkenberg
138201,Falkenberg
138202,Skrea
138203,Abild
138204,Asige
138205,Årstad
138206,Slöinge
138207,Eftra
138208,Stafsinge
138209,Morup
138210,Ljungby
138211,Vinberg
138212,Alfshög
138213,Vessige
138214,Askome
138215,Köinge
138216,Svartrå
138217,Okome
138218,Gällared
138219,Krogsered
138220,Gunnarp
138221,Fagered
138222,Källsjö
138223,Ullared
138224,Älvsered
1383,Varberg
138301,Varberg
138302,Träslöv
138303,Nösslinge
138304,Skällinge
138305,Rolfstorp
138306,Gödestad
138307,Hunnestad
138308,Grimeton
138309,Dagsås
138310,Sibbarp
138311,Tvååker
138312,Spannarp
138313,Lindberg
138314,Torpa
138315,Valinge
138316,Stamnared
138317,Sällstorp
138318,Ås
138319,Veddige
138320,Värö
138321,Stråvalla
138322,Grimmared
138323,Karl Gustav
138324,Kungsäter
138325,Gunnarsjö
1384,Kungsbacka
138401,Kungsbacka
138402,Tölö
138403,Älvsåker
138404,Vallda
138405,Släp
138406,Frillesås
138407,Landa
138408,Ölmevalla
138409,Gällinge
138410,Idala
138411,Förlanda
138412,Fjärås
138413,Hanhals
138414,Onsala
14,Göteborgs och Bohus län
1401,Härryda
140101,Härryda
140102,Landvetter
140103,Råda
140104,Björketorp
1402,Partille
140201,Partille kbfd
140202,Jonsereds kbfd
140203,Sävedalen
1407,Öckerö
140701,Öckerö
1415,Stenungsund
141501,Spekeröd
141502,Norum
141503,Ödsmål
141504,Ucklum
141505,Jörlanda
1419,Tjörn
141901,Valla
141902,Stenkyrka
141903,Rönnäng
141904,Klädesholmen
141905,Klövedal
1421,Orust
142101,Tegneby
142102,Röra
142103,Stala
142104,Långelanda
142105,Myckleby
142106,Torp
142107,Mollösund
142108,Käringön
142109,Gullholmen
142110,Morlanda
1427,Sotenäs
142701,Kungshamn
142702,Malmön
142703,Askum
142704,Smögen
142705,Hunnebostrand
142706,Tossene
1430,Munkedal
143001,Foss
143002,Håby
143003,Valbo-Ryr
143004,Bärfendal
143005,Svarteborg
143006,Hede
143007,Sanne
143008,Krokstad
1435,Tanum
143501,Grebbestads kyrkoområde
143502,Tanums kyrkoområde
143503,Lur
143504,Naverstad
143505,Mo
143506,Kville kbfd
143507,Fjällbacka kbfd
143508,Bottna
143509,Svenneby
1480,Göteborg
148001,Domkyrkoförs. i Göteborg
148004,Nylöse
148005,Kortedala
148006,Härlanda
148007,Göteborgs Vasa
148008,Göteborgs Johanneberg
148009,Göteborgs Annedal
148010,Göteborgs Haga
148011,Göteborgs Oskar Fredrik
148012,Göteborgs Masthugg
148013,Göteborgs Karl Johan
148016,Örgryte
148017,Lundby
148018,Biskopsgården
148019,Brämaregården
148020,Backa
148021,Högsbo
148022,Västra Frölunda
148023,Älvsborg
148024,Tynnered
148025,Göteborgs tyska
148026,Angered
148027,Bergum
148028,Torslanda
148029,Björlanda
148030,Tuve
148031,Säve
148032,Bergsjön
148033,Göteborgs S:t Pauli
148034,Gunnared
148035,Rödbo
148036,Askim
148037,Styrsö
1481,Mölndal
148101,Fässberg
148102,Kållered
148103,Lindome
148104,Stensjön
1482,Kungälv
148201,Kungälv
148203,Marstrand
148204,Harestad
148205,Torsby
148206,Lycke
148207,Ytterby
148208,Romelanda
148209,Kareby
148210,Hålta
148211,Solberga
1484,Lysekil
148401,Lysekil
148402,Lyse
148403,Skaftö
148404,Bro
148405,Brastad
1485,Uddevalla
148501,Uddevalla
148502,Grinneröd
148503,Ljung
148504,Resteröd
148505,Forshälla
148506,Dragsmark
148507,Bokenäs
148508,Högås
148509,Skredsvik
148510,Herrestad
148511,Lane-Ryr
148512,Bäve
1486,Strömstad
148601,Strömstad
148602,Skee
148604,Näsinge
148605,Lommeland
148606,Hogdal
148607,Tjärnö
15,Älvsborgs län
1504,Dals-Ed
150401,Håbol
150402,Nössemark
150403,Dals-Ed
150404,Töftedal
150405,Gesäter
150406,Rölanda
1507,Färgelanda
150701,Färgelanda
150702,Ödeborg
150703,Torp
150704,Järbo
150705,Råggärd
150706,Lerdal
150707,Rännelanda
150708,Högsäter
1521,Ale
152101,Nödinge
152102,Hålanda
152103,Skepplanda
152104,Kilanda
152105,Starrkärr
1524,Lerum
152401,Lerum
152402,Skallsjö
152403,Stora Lundby
152404,Östad
1527,Vårgårda
152701,Lena
152702,Bergstena
152703,Fullestad
152704,Siene
152705,Horla
152706,Hol
152707,Skogsbygden
152708,Nårunga
152709,Ljur
152710,Ornunga
152711,Asklanda
152712,Kvinnestad
152713,Algutstorp
152714,Kullings-Skövde
152715,Södra Härene
152716,Tumberg
152717,Landa
1552,Tranemo
155201,Tranemo
155202,Ambjörnarp
155203,Sjötofta
155204,Mossebo
155205,Södra Åsarp
155206,Länghem
155207,Månstad
155208,Nittorp
155209,Ljungsarp
155210,Ölsremma
155211,Dalstorp
155212,Hulared
1560,Bengtsfors
156001,Ärtemark
156003,Laxarby
156004,Vårvik
156005,Torrskog
156006,Steneby
156007,Tisselskog
156008,Ödskölt
156009,Bäcke
1561,Mellerud
156101,Holm
156102,Järn
156103,Grinstad
156104,Erikstad
156105,Bolstad
156106,Ör
156107,Gunnarsnäs
156108,Dalskog
156109,Skållerud
1562,Lilla Edet
156201,Fuxerna
156202,Åsbräcka
156203,Tunge
156204,S:t Peder
156205,Ale-Skövde
156206,Västerlanda
156207,Hjärtum
1563,Mark
156301,Kinna
156302,Skene kbfd
156303,Örby kbfd
156304,Sätila
156305,Hyssna
156306,Skephult
156307,Fritsla
156308,Hajom
156309,Berghem
156310,Fotskäl
156311,Tostared
156312,Surteby-Kattunga
156313,Öxnevalla
156314,Horred
156315,Istorp
156316,Älekulla
156317,Torestorp
156318,Öxabäck
1565,Svenljunga
156501,Svenljunga
156502,Holsljunga
156503,Mjöbäck
156504,Mårdaklev
156505,Kalv
156506,Östra Frölunda
156507,Håcksvik
156508,Örsås
156509,Revesjö
156510,Redslared
156511,Ullasjö
156512,Sexdrega
156513,Roasjö
156514,Hillared
1566,Herrljunga
156601,Bråttensby
156602,Eggvena
156603,Fölene
156604,Remmene
156606,Herrljunga
156607,Hudene
156608,Källunga
156609,Mjäldrunga
156610,Eriksberg
156611,Skölvene
156612,Södra Björke
156613,Jällby
156614,Grude
156615,Vesene
156616,Molla
156617,Od
156618,Hov
156619,Norra Säm
156620,Alboga
156621,Broddarp
156622,Öra
1580,Vänersborg
158001,Vänersborg
158002,Väne-Ryr
158003,Gestad
158004,Brålanda
158005,Sundals-Ryr
158006,Frändefors
158007,Vänersnäs
158009,Västra Tunhem
1581,Trollhättan
158101,Trollhättan
158102,Norra Björke
158103,Väne-Åsaka
158104,Gärdhem
158105,Upphärad
158106,Rommele
158107,Fors
158108,Lagmansered
1582,Alingsås
158201,Alingsås
158205,Stora Mellby
158206,Magra
158207,Långared
158208,Erska
158209,Hemsjö
158210,Ödenäs
1583,Borås
158301,Borås Caroli
158302,Borås Gustav Adolf
158303,Brämhult
158304,Rångedala
158305,Äspered
158306,Toarp
158307,Dannike
158308,Ljushult
158309,Gingri
158310,Tärby
158311,Fristad
158312,Borgstena
158313,Tämta
158314,Vänga
158315,Bredared
158316,Sandhult
158317,Töllsjö
158318,Bollebygd
158319,Seglora
158320,Kinnarumma
1584,Ulricehamn
158401,Ulricehamn
158402,Kärråkra
158403,Södra Vånga
158404,Möne
158405,Hällstad
158406,Murum
158407,Grovare
158408,Fänneslunda
158409,Härna
158410,Södra Ving
158411,Varnum
158412,Södra Säm
158413,Finnekumla
158414,Tvärred
158415,Marbäck
158416,Gällstad
158417,Grönahög
158418,Strängsered
158419,Gullered
158420,Hössna
158421,Liared
158422,Kölingared
158423,Knätte
158424,Böne
158425,Kölaby
158426,Humla
158427,Blidsberg
158428,Dalum
158429,Timmele
1585,Åmål
158501,Åmål
158503,Mo
158504,Tösse med Tydje
158505,Ånimskog
158506,Fröskog
158507,Edsleskog
16,Skaraborgs län
1602,Grästorp
160201,Täng
160202,Håle
160203,Särestad
160204,Flakeberg
160205,Bjärby
160206,Ås
160207,Sal
160208,Flo
160209,Tengene
160210,Trökörna
160211,Längnum
160212,Hyringa
1603,Essunga
160301,Malma
160302,Främmestad
160303,Bäreberg
160304,Essunga
160305,Kyrkås
160306,Fåglum
160307,Barne-Åsaka
160308,Lekåsa
1622,Mullsjö
162201,Utvängstorp
162202,Sandhem
162203,Nykyrka
162204,Bjurbäck
1623,Habo
162301,Habo
162302,Gustav Adolf
162303,Brandstorp
1637,Karlsborg
163701,Karlsborg
163702,Brevik
163703,Mölltorp
163704,Undenäs
1643,Gullspång
164301,Amnehärad
164302,Hova
164303,Södra Råda
1660,Vara
166001,Vara
166002,Sparlösa
166003,Slädene
166004,Levene
166005,Long
166006,Hällum
166007,Skarstad
166008,Önum
166009,Naum
166010,Södra Kedum
166011,Ryda
166012,Eling
166013,Bitterna
166014,Laske-Vedum
166015,Södra Lundby
166024,Larv
166025,Längjum
166026,Tråvad
166027,Jung
166028,Fyrunga
166029,Kvänum
166030,Öttum
166031,Norra Vånga
166032,Edsvära
1661,Götene
166101,Sil
166102,Götene
166103,Kinne-Vedum
166104,Holmestad
166105,Vättlösa
166106,Skeby
166107,Hangelösa
166108,Ova
166109,Ledsjö
166110,Skälvum
166111,Broby
166112,Källby
166113,Husaby
166114,Kinne-Kleva
166115,Kestad
166116,Fullösa
166117,Forshem
166118,Österplana
166119,Medelplana
166120,Västerplana
1662,Tibro
166201,Tibro
166202,Ransberg
1663,Töreboda
166301,Töreboda
166302,Fredsberg
166303,Bäck
166304,Sveneby
166305,Hjälstad
166306,Trästena
166307,Fägre
166308,Mo
166309,Bällefors
166310,Ekeskog
166311,Beateberg
166312,Halna
166313,Älgarås
1680,Mariestad
168001,Mariestad
168002,Leksberg
168003,Ullervad
168004,Utby
168005,Ekby
168006,Tidavad
168007,Odensåker
168008,Låstad
168009,Ek
168010,Lugnås
168011,Bredsäter
168012,Björsäter
168013,Torsö
168014,Enåsa
168015,Hassle
168016,Berga
168017,Färed
168018,Lyrestad
1681,Lidköping
168101,Lidköping
168102,Uvered
168103,Järpås
168104,Häggesled
168105,Råda
168106,Mellby
168107,Kållands-Åsaka
168108,Skalunda
168109,Rackeby
168110,Strö
168111,Otterstad
168112,Sunnersberg
168113,Gösslunda
168114,Saleby
168115,Trässberg
168116,Härjevad
168117,Karaby
168118,Tun
168119,Friel
168120,Hovby
168121,Norra Härene
168122,Lindärva
168123,Hasslösa
168124,Sävare
168125,Lavad
168126,Gillstad
168127,Tranum
168128,Tådene
168129,Norra Kedum
168130,Väla
168131,Örslösa
168132,Söne
1682,Skara
168201,Skara domkyrkoförs.
168202,Istrum
168203,Öglunda
168204,Eggby
168205,Varnhem
168206,Norra Lundby
168207,Skärv
168208,Norra Ving
168209,Stenum
168210,Skånings-Åsaka
168211,Händene
168212,Synnerby
168213,Marum
168214,Härlunda
168215,Vinköl
168216,Västra Gerum
168217,Skallmeja
168218,Bjärka
1683,Skövde
168301,Skövde
168303,Våmb
168304,Ryd
168305,Häggum
168306,Rådene
168307,Sjogerstad
168308,Norra Kyrketorp
168309,Hagelberg
168310,Ljunghem
168311,Edåsa
168312,Varola
168313,Forsby
168314,Sventorp
168315,Värsås
168316,Locketorp
168317,Väring
168318,Horn
168319,Binneberg
168320,Frösve
168321,Säter
168322,Berg
168323,Lerdala
168324,Timmersdala
168325,Böja
168326,Flistad
168327,Götlunda
168328,Vad
1684,Hjo
168401,Hjo stadsförs.
168402,Hjo landsförs.
168403,Grevbäck
168404,Mofalla
168405,Södra Fågelås
168406,Norra Fågelås
168407,Fridene
168408,Korsberga
1685,Tidaholm
168501,Tidaholm
168502,Härja
168503,Daretorp
168504,Velinga
168505,Baltak
168506,Agnetorp
168507,Fröjered
168508,Ottravad
168509,Suntak
168510,Vättak
168511,Kymbo
168512,Valstad
168513,Hångsdala
168514,Östra Gerum
168515,Dimbo
168516,Varv
168517,Acklinga
168518,Hömb
168519,Kungslena
1686,Falköping
168601,Falköping
168602,Friggeråker
168603,Trävattna
168604,Hällestad
168605,Floby
168606,Sörby
168607,Gökhem
168608,Ullene
168609,Vilske-Kleva
168610,Marka
168611,Göteve
168612,Grolanda
168613,Jäla
168614,Börstig
168615,Brismene
168616,Kinneved
168617,Vårkumla
168618,Luttra
168620,Karleby
168621,Åsle
168622,Tiarp
168623,Mularp
168624,Slöta
168625,Kälvene
168626,Näs
168627,Vartofta-Åsaka
168628,Yllestad
168629,Vistorp
168630,Skörstorp
168631,Högstena
168632,Dala
168633,Borgunda
168634,Stenstorp
168635,Brunnhem
168636,Segerstad
168637,Södra Kyrketorp
168638,Valtorp
168639,Håkantorp
168640,Torbjörntorp
168641,Gudhem
168642,Östra Tunhem
168643,Ugglum
168644,Bjurum
168645,Sätuna
168646,Hornborga
168647,Broddetorp
168648,Bolum
168649,Fivlered
168650,Solberga
168651,Norra Åsarp
168652,Smula
17,Värmlands län
1715,Kil
171501,Stora Kil
171502,Frykerud
171503,Boda
1730,Eda
173001,Eda
173003,Järnskog
173004,Skillingmark
173005,Köla
1737,Torsby
173701,Fryksände
173702,Lekvattnet
173703,Vitsand
173704,Nyskoga
173705,Östmark
173706,Norra Finnskoga
173707,Södra Finnskoga
173708,Dalby
173709,Norra Ny
1760,Storfors
176001,Storfors
176002,Bjurtjärn
176003,Lungsund
1761,Hammarö
176101,Hammarö
1762,Munkfors
176201,Ransäter
176202,Munkfors
1763,Forshaga
176301,Forshaga
176302,Nedre Ullerud
176303,Övre Ullerud
1764,Grums
176401,Grums
176402,Borgvik
176403,Ed
176404,Värmskog
1765,Årjäng
176501,Silbodal
176502,Sillerud
176503,Karlanda
176504,Holmedal
176505,Blomskog
176506,Trankil
176507,Västra Fågelvik
176508,Töcksmark
176509,Östervallskog
1766,Sunne
176601,Sunne
176602,Västra Ämtervik
176603,Östra Ämtervik
176604,Gräsmark
176605,Lysvik
1780,Karlstad
178001,Karlstads domkyrkoförs.
178002,Norrstrand
178003,Östra Fågelvik
178004,Väse
178005,Älvsbacka
178006,Nyed
178007,Alster
178008,Grava
178009,Nor
178010,Segerstad
1781,Kristinehamn
178101,Kristinehamn
178103,Rudskoga
178104,Visnums-Kil
178105,Visnum
178106,Ölme
1782,Filipstad
178201,Filipstad
178203,Brattfors
178204,Nordmark
178205,Gåsborn
178206,Kroppa
178207,Rämmen
1783,Hagfors
178301,Hagfors
178302,Ekshärad
178303,Gustav Adolf
178304,Norra Råda
178305,Sunnemo
1784,Arvika
178401,Arvika östra
178402,Arvika västra
178403,Stavnäs
178404,Högerud
178405,Glava
178406,Bogen
178407,Gunnarskog
178408,Ny
178409,Älgå
178410,Mangskog
178411,Brunskog
1785,Säffle
178501,Säffle
178502,Tveta
178503,Bro
178504,Botilsäter
178505,Ölserud
178506,Millesvik
178507,Eskilsäter
178508,Ny-Huggenäs
178509,Gillberga
178510,Kila
178511,Svanskog
178512,Långserud
18,Örebro län
1860,Laxå
186001,Ramundeboda
186002,Finnerödja
186003,Tived
186004,Skagershult
1861,Hallsberg
186101,Hallsberg
186102,Viby
186104,Sköllersta
186105,Svennevad
186106,Bo
1862,Degerfors
186201,Degerfors
186202,Nysund
1863,Hällefors
186301,Hällefors
186302,Grythyttan
186303,Hjulsjö
1864,Ljusnarsberg
186401,Ljusnarsbergs kbfd
186402,Hörkens kbfd
1880,Örebro
188001,Örebro Nikolai
188002,Örebro Olaus Petri
188003,Längbro
188004,Almby
188005,Mosjö
188006,Täby
188007,Vintrosa
188008,Tysslinge
188009,Gräve
188010,Kil
188011,Ervalla
188012,Axberg
188013,Hovsta
188014,Lännäs
188015,Asker
188016,Stora Mellösa
188017,Norrbyås
188018,Gällersta
188019,Hidinge
188020,Knista
188021,Kräcklinge
188022,Hackvad
188023,Edsberg
188024,Tångeråsa
188025,Kvistbro
188026,Rinkaby
188027,Glanshammar
188029,Lillkyrka-Ödeby
188030,Mikael
1881,Kumla
188101,Kumla
188102,Hardemo
188103,Ekeby
1882,Askersund
188201,Askersund
188203,Lerbäck
188204,Snavlunda
188205,Hammar
1883,Karlskoga
188301,Karlskoga
1884,Nora
188403,Järnboås
188404,Nora bergsförs.
188405,Viker
1885,Lindesberg
188502,Lindesberg
188503,Guldsmedshyttan
188504,Näsby
188505,Fellingsbro
188506,Fellingsbro norra
188507,Ramsberg
19,Västmanlands län
1904,Skinnskatteberg
190401,Hed
190402,Skinnskatteberg
190403,Gunnilbo
1907,Surahammar
190701,Sura
190702,Ramnäs
1917,Heby
191701,Västerlövsta
191702,Huddunge
191703,Enåker
191704,Vittinge
191705,Nora
191706,Östervåla
191707,Harbo
1960,Kungsör
196001,Kung Karl
196003,Torpa
196004,Kungs-Barkarö
196005,Björskog
1961,Hallstahammar
196101,Hallstahammar
196102,Berg
196103,Kolbäck
196104,Säby
1962,Norberg
196201,Norberg
196202,Karbenning
1980,Västerås
198001,Västerås domkyrkoförs.
198002,Västerås Lundby
198003,Västerås Badelunda
198004,Västerås Skerike
198005,Haraker
198006,Romfartuna
198007,Skultuna
198008,Lillhärad
198009,Dingtuna
198010,Västerås-Barkarö
198011,Irsta
198012,Kärrbo
198013,Kungsåra
198014,Ängsö
198015,Björksta
198016,Hubbo
198017,Tillberga
198018,Tortuna
198019,Sevalla
198020,Rytterne
1981,Sala
198101,Sala
198102,Västerfärnebo
198103,Fläckebo
198104,Norrby
198105,Tärna
198106,Kumla
198107,Kila
198108,Möklinta
1982,Fagersta
198201,Västanfors
198202,Västervåla
1983,Köping
198301,Köping
198302,Himmeta
198303,Västra Skedvi
198304,Kolsva
198305,Odensvi
198306,Munktorp
1984,Arboga
198401,Arboga stadsförs.
198402,Arboga landsförs.
198403,Medåker
198404,Götlunda
20,Kopparbergs län
2021,Vansbro
202101,Järna kbfd
202102,Vansbro kbfd
202103,Nås
202104,Äppelbo
2023,Malung
202302,Malung
202303,Lima
202305,Transtrand
2026,Gagnef
202601,Mockfjärd
202602,Gagnef
202603,Floda
2029,Leksand
202901,Leksand
202902,Djura
202903,Ål
202904,Siljansnäs
2031,Rättvik
203101,Rättvik
203102,Bingsjö-Dådran
203103,Boda
203104,Ore
2034,Orsa
203401,Skattunge fd kapellag
203402,Orsa utom Skattunge
2039,Älvdalen
203902,Älvdalen
203904,Särna
203905,Idre
2061,Smedjebacken
206101,Norrbärke
206102,Söderbärke
2062,Mora
206201,Mora
206202,Våmhus
206203,Sollerön
206205,Venjan
2080,Falun
208001,Falu Kristine
208002,Grycksbo kbfd
208003,Stora Kopparbergs kbfd
208004,Aspeboda
208005,Vika
208006,Hosjö
208007,Sundborn
208008,Svärdsjö
208009,Svartnäs
208010,Enviken
208011,Bjursås
2081,Borlänge
208101,Borlänge kbfd
208102,Stora Tuna kbfd
208103,Torsång
2082,Säter
208201,Säter
208202,Stora Skedvi
208203,Gustafs
208204,Silvberg
2083,Hedemora
208301,Hedemora
208302,Garpenberg
208303,Husby kbfd
208305,Långshyttans kbfd
2084,Avesta
208401,Avesta
208402,Horndals kbfd
208403,By kbfd
208404,Folkärna kbfd
208405,Krylbo kbfd
208406,Grytnäs
2085,Ludvika
208501,Ludvika
208502,Grängesberg
208503,Grangärde
208504,Säfsnäs
21,Gävleborgs län
2101,Ockelbo
210101,Åmot
210102,Ockelbo
210103,Lingbo
2104,Hofors
210401,Hofors
210402,Torsåker
2121,Ovanåker
212101,Ovanåker
212102,Voxna
212103,Alfta
2132,Nordanstig
213201,Ilsbo
213202,Harmånger
213203,Jättendal
213204,Gnarp
213205,Bergsjö
213206,Hassela
2161,Ljusdal
216101,Ljusdal
216102,Hamra
216103,Los
216104,Färila
216105,Kårböle
216106,Ramsjö
216107,Järvsö
2180,Gävle
218001,Gävle Heliga Trefaldighet
218002,Gävle Staffan
218003,Hamrånge
218004,Hedesunda
218005,Hille
218006,Valbo
218007,Gävle Tomas
218008,Gävle Maria
2181,Sandviken
218101,Sandviken
218102,Ovansjö
218103,Järbo
218104,Årsunda
218105,Österfärnebo
2182,Söderhamn
218201,Söderhamn
218202,Sandarne
218203,Skog
218204,Ljusne
218205,Söderala
218206,Bergvik
218207,Mo
218208,Trönö
218209,Norrala
2183,Bollnäs
218303,Bollnäs
218304,Rengsjö
218305,Segersta
218306,Hanebo
218308,Undersvik
218309,Arbrå
2184,Hudiksvall
218401,Hudiksvall
218402,Idenor
218403,Hälsingtuna
218404,Rogsta
218405,Njutånger
218407,Enånger
218408,Delsbo
218409,Bjuråker
218410,Norrbo
218411,Forsa
218412,Hög
22,Västernorrlands län
2260,Ånge
226002,Borgsjö
226003,Haverö
226004,Torp
2262,Timrå
226201,Timrå
226202,Ljustorp
226203,Hässjö
226204,Tynderö
2280,Härnösand
228001,Härnösands domkyrkoförs.
228002,Högsjö
228003,Häggdånger
228004,Stigsjö
228005,Viksjö
228006,Säbrå
228007,Hemsö
2281,Sundsvall
228101,Sundsvalls Gustav Adolf
228102,Skönsmon
228103,Skön
228104,Alnö
228105,Sättna
228106,Selånger
228107,Stöde
228108,Tuna
228109,Attmar
228110,Njurunda
228111,Indal
228112,Holm
228113,Liden
2282,Kramfors
228201,Gudmundrå
228202,Nora
228203,Skog
228204,Nordingrå
228205,Vibyggerå
228206,Ullånger
228207,Bjärtrå
228208,Styrnäs
228209,Dal
228210,Torsåker
228211,Ytterlännäs
2283,Sollefteå
228301,Sollefteå
228302,Multrå
228303,Graninge
228304,Långsele
228305,Ed
228306,Resele
228307,Helgum
228308,Ådals-Liden
228309,Junsele
228310,Gålsjö fd bruksförs.
228311,Boteå utom Gålsjö
228312,Överlännäs
228313,Sånga
228314,Edsele
228315,Ramsele
2284,Örnsköldsvik
228401,Örnsköldsvik
228402,Arnäs
228403,Solbergs kbfd
228404,Anundsjö kbfd
228405,Skorped
228406,Sidensjö
228407,Nätra
228408,Själevad
228409,Mo
228410,Grundsunda
228411,Gideå
228412,Björna
228413,Trehörningsjö
23,Jämtlands län
2303,Ragunda
230301,Ragunda
230302,Fors
230303,Borgvattnet
230304,Stugun
2305,Bräcke
230501,Bräcke
230502,Nyhem
230503,Hällesjö
230504,Håsjö
230505,Sundsjö
230506,Revsund
230507,Bodsjö
2309,Krokom
230901,Rödön
230902,Näskott
230903,Aspås
230904,Ås
230905,Laxsjö
230906,Föllinge
230907,Hotagen
230908,Offerdal
230910,Alsen
2313,Strömsund
231301,Ström
231302,Alanäs
231303,Gåxsjö
231304,Hammerdal
231305,Frostviken
231306,Fjällsjö
231307,Bodum
231308,Tåsjö
2321,Åre
232101,Åre
232102,Mattmar
232103,Mörsil
232104,Kall
232105,Undersåker
232106,Hallen
232107,Marby
2326,Berg
232601,Berg
232602,Hackås
232603,Oviken
232604,Myssjö
232605,Storsjö
232606,Åsarne
232607,Klövsjö
232608,Rätan
2361,Härjedalen
236101,Sveg
236102,Linsell
236103,Älvros
236104,Vemdalen
236105,Hede
236106,Ljusnedal
236107,Tännäs
236108,Överhogdal
236109,Ytterhogdal
236110,Ängersjö
236111,Lillhärdal
2380,Östersund
238001,Östersund
238002,Frösö
238003,Sunne
238004,Näs
238005,Lockne
238006,Marieby
238007,Brunflo
238008,Kyrkås
238009,Lit
238010,Häggenås
238011,Norderö
24,Västerbottens län
2401,Nordmaling
240101,Norrfors kbfd
240102,Nordmalings kbfd
2403,Bjurholm
240301,Bjurholm
2404,Vindeln
240401,Vindeln
240402,Åmsele
2409,Robertsfors
240901,Bygdeå kbfd
240902,Överklintens kbfd
240903,Robertsfors
240904,Nysätra
2417,Norsjö
241701,Bastuträsks kbfd
241702,Norsjö kbfd
2418,Malå
241801,Malå
2421,Storuman
242101,Stensele kbfd
242102,Umnäs kbfd
242103,Tärna
2422,Sorsele
242201,Sorsele
242202,Gargnäs
2425,Dorotea
242501,Dorotea
242502,Risbäck
2460,Vännäs
246001,Vännäs centralorts kbfd
246002,Vännäsbygdens kbfd
2462,Vilhelmina
246201,Vilhelmina kbfd
246202,Dikanäs kbfd
246204,Saxnäs kbfd
2463,Åsele
246301,Åsele
246304,Fredrika
2480,Umeå
248001,Umeå stadsförs.
248002,Umeå landsförs.
248003,Tavelsjö
248004,Teg
248005,Ålidhem
248006,Holmsund
248007,Hörnefors
248008,Sävars övre kbfd
248009,Sävars nedre kbfd
248010,Holmön
2481,Lycksele
248101,Lycksele
248103,Björksele
248104,Örträsk
2482,Skellefteå
248201,Skellefteå S:t Olov
248202,Skellefteå S:t Örjan
248203,Bureå
248204,Skellefteå landsförs.
248205,Boliden
248206,Kågedalen
248207,Byske
248208,Fällfors
248209,Jörn
248210,Lövånger
248211,Burträsk
248212,Kalvträsk
25,Norrbottens län
2505,Arvidsjaur
250501,Glommersträsks kbfd
250502,Arvidsjaurs kbfd
2506,Arjeplog
250601,Södra Bergnäs kbfd
250602,Arjeplogs kbfd
2510,Jokkmokk
251002,Jokkmokk
251004,Porjus
251005,Vuollerim
2513,Överkalix
251301,Överkalix
2514,Kalix
251401,Nederkalix
251402,Töre kbfd
251403,Morjärvs kbfd
2518,Övertorneå
251801,Övertorneå
251802,Svanstein
251803,Hietaniemi
2521,Pajala
252101,Pajala
252103,Muonionalusta
252104,Korpilombolo
252105,Tärendö
252106,Junosuando
2523,Gällivare
252301,Gällivare kbfd
252302,Nattavaara kbfd
252304,Hakkas
252305,Nilivaara
252306,Malmberget
2560,Älvsbyn
256002,Älvsby
2580,Luleå
258001,Luleå domkyrkoförs.
258002,Örnäset
258003,Nederluleå
258004,Råneå
2581,Piteå
258101,Piteå stadsförs.
258102,Hortlax
258103,Piteå kbfd
258104,Markbygdens kbfd
258105,Norrfjärden
2582,Boden
258201,Överluleå
258202,Gunnarsbyn
258203,Edefors
2583,Haparanda
258301,Nedertorneå-Haparanda
258304,Karl Gustav
2584,Kiruna
258401,Jukkasjärvi
258402,Vittangi
258403,Karesuando
